record_id,total_bill,tip,sex,smoker,day,time,size
T006,5.75,1.0,Female,Yes,Fri,Dinner,2
T015,27.18,999,Female,Yes,Sat,Dinner,2
T008,10.07,1.25,,No,Sat,Dinner,2
T059,24.59,3.61,Female,No,Sun,Dinner,4
T038,12.46,1.5,Male,No,Fri,Dinner,2
T057,0.19,3.0,Female,No,Sat,Dinner,3
T049,"22,50",1.45,Male,No,Sat,Dinner,2
T045,16.21,2.0,Female,N,Sun,Dinner,3
T021,19.77,2.0,Male,No,Sun,Dinner,4
T018,10.33,1.67,Female,No,Sun,Dinner,3
T030,19.49,3.51,Male,No,Sun,Dinner,2
T025,30.14,3.09,Female,Yes,Sat,Dinner,4
T054,11.02,1.98,Male,Yes,Sat,Dinner,2
T016,11.17,1.5,Female,No,Thur,Lunch,2
T048,19.65,3.0,Female,No,Sat,Dinner,2
T003,20.69,5.0,Male,No,Sun,Dinner,5
T029,24.55,2.0,Male,No,Sun,Dinner,4
T032,10.33,2.0,Female,No,Thur,Lunch,2
T024,20.49,4.06,Male,Yes,Sat,Dinner,2
T005,30.46,2.0,Male,Yes,Sun,Dinner,5
T001,50.81,10.0,Male,Yes,Sat,Dinner,3
T011,19.08,1.5,Male,No,,Lunch,2
T033,12.26,2.0,Female,No,Thur,Lunch,2
T019,-16.20,3.5,Female,Yes,Sun,Dinner,3
T020,17.89,2.0,Male,Yes,Sun,Dinner,2
T042,17.29,2.71,Male,No,Thur,Lunch,2
T026,14.48,2.0,Male,Yes,Sun,Dinner,2
T028,20.27,2.83,Female,No,Thur,Lunch,2
T040,14.73,2.2,Female,No,Sat,Dinner,2
T044,11.35,2.5,Female,Yes,Fri,Dinner,2
T027,21.58,3.92,Male,No,Sun,Dinner,25
T043,17.81,2.34,female ,No,Sat,Dinner,4
T058,13.81,2.0,Male,No,Sun,Dinner,2
T034,12.69,2.0,Male,No,Sat,Dinner,2
T022,10.65,1.5,Female,No,Thur,Lunch,2
T053,24.27,2.03,Male,Yes,Sat,Dinner,two
T006,5.75,1.0,Female,Yes,Fri,Dinner,2
T060,22.23,5.0,Male,No,Sun,Dinner,2
T023,7.25,5.15,Male,Yes,Sun,Dinner,0
T031,1890,2.31,Male,No,Sat,Dinner,3
T036,8.58,1.92,Male,Yes,Fri,Lunch,1
T007,13.37,2.0,Male,No,Sat,Dinner,2
T017,14.78,3.23,Male,No,Sun,Dinner,2
T052,14.52,2.0,Female,No,Thur,Lunch,2
T056,19.44,3.0,Male,Yes,Thur,Lunch,2
T014,24.52,3.48,Male,No,Sun,Dinner,3
T047,20.45,3.0,Male,No,Sat,dinner,4
T037,34.81,5.2,Female,No,Sun,Dinner,4
T013,34.3,6.7,Male,No,Thur,Lunch,6
T051,16.4,4 USD,Female,Yes,Thur,Lunch,2
T030,19.49,3.51,Male,No,Sun,Dinner,2
T041,20.08,3.15,Male,No, SAT ,Dinner,3
T004,31.85,,Male,Yes,Sun,Dinner,2
T009,22.82,2.18,Male,No,Thur,Lunch,3
T012,20.65,3.35,Male,No,Sat,Dinner,3
T002,,3.39,Male,No,Sat,Dinner,2
T055,16.29,3.71,Male,Unknown,Sun,Dinner,3
T035,16.0,-3.50,Male,Yes,Thur,Lunch,2
T050,15.36,1.64,Male,Yes,Sat,Dinner,2
T039,9.68,1.32,Male,No,sunday,Dinner,2
T046,22.75,3.25,Female,No,Fri,Dinner,2
T010,10.34,1.66,Male,No,Sun,Dinner,3
