record_id,species,island,culmen_length_mm,culmen_depth_mm,flipper_length_mm,body_mass_g,sex
P105,Adelie,Biscoe,37.9,18.6,193,99999,FEMALE
P247,Gentoo,Biscoe,44.5,14.3,216,4100,NA
P186,Chinstrap,Dream,NA,18.8,203,4100,MALE
P260,Gentoo,Biscoe,48.7,15.7,208,5350,MALE
P066,Adelie,Biscoe,41.6,18,192,3950,MALE
P100,Adelie,Dream,43.2,18.5,192,4100,null
P108,Adelie,Biscoe,38.2,20,190,3900,MALE
P131,Adelie,Torgersen,38.5,17.9,190,3325,FEMALE
P083,Adelie,Torgersen,"45,2",18.8,187,3800,FEMALE
P080,Adelie,Torgersen,42.1,19.1,195,4000,MALE
P211,Chinstrap,Dream,50.2,18.8,202,3800,MALE
P104,Adelie,Biscoe,37.8,20,190,4250,MALE
P223,Gentoo,Biscoe,48.7,14.1,210,4450,FEMALE
P278,Gentoo,Biscoe,45.5,15,NA,5000,MALE
P240,Gentoo,Biscoe,48.7,15.1,222,5350,MALE
P043,Adelie,Dream,36,18.5,186,3100,FEMALE
P335,Gentoo,Biscoe,46.2,14.1,217,350,FEMALE
P123,Adelie,Torgersen,40.2,17,176,3450,FEMALE
P015,Adelie,Torgersen,34.6,21.1,198,4400,
P191,Chinstrap,Dream,46.9,16.6,192,2700,FEMALE
P107,Chin strap,Biscoe,38.6,17.2,199,NA,FEMALE
P045,Adelie,Dream,37,16.9,185,3000,FEMALE
P146,Adelie,Dream,39,18.7,185,3650,MALE
P029,Adelie,Biscoe,37.9,18.6,172,3150,FEMALE
P251,Gentoo,Biscoe,47.3,15.3,222,5250,MALE
P304,Gentoo, dream,50,15.9,224,5350,MALE
P071,Adelie,Torgersen,33.5,19,190,3600,FEMALE
P187,Adélie,Dream,49.7,18.6,195,3600,MALE
P245,Gentoo,BISCOE,42.9,13.1,215,5000,FEMALE
P201,Chinstrap,Dream,51.5,18.7,187,3250,MALE
P129,Adelie,Torgersen,39,17.1,191,3050,FEMALE
P330,Gentoo,Biscoe,48.1,15.1,209,5500,MALE
P273,Gentoo,Biscoe,45.1,14.4,210,4400,FEMALE
P220,Chinstrap,Dream,50.2,18.7,198,3775,FEMALE
P005,Adelie,Torgersen,N/A,19.3,193,3450,FEMALE
P310,Gentoo,Biscoe,52.1,17,230,5550,MALE
P121,Adelie,Torgersen,36.2,17.2,187,3150,FEMALE
P306,Gentoo,Biscoe,50.8,17.3,228,5600,MALE
P068,Adelie,Biscoe,41.1,19.1,188,1250,MALE
P095,Adelie,Dream,36.2,17.3,187,3300,FEMALE
P230,Gentoo,Biscoe,46.8,15.4,215,5150,MALE
P272,Gentoo ,Biscoe,48.5,14.1,220,5300,MALE
P318,Gentoo,Biscoe,46.9,14.6,222,4875,FEMALE
P051,Adelie,Biscoe,39.6,17.7,186,3500,FEMALE
P324,Gentoo,Biscoe,49.1,15,228,5500,MALE
P214,Chinstrap,Dream,46.8,N/A,189,3650,FEMALE
P017,Gento,Torgersen,38.7,19,195,3450,FEMALE
P014,Adelie,Torgersen,38.6,21.2,191,3800,MALE
P316,Gentoo,Biscoe,50.8,15.7,226,5200,NA
P286,Gentoo,Biscoe,49.8,16.8,230,5700,MALE
P337,Gentoo,Biscoe,44.5,15.7,450,4875,.
P311,Gentoo,Biscoe,47.5,,218,4950,FEMALE
P282,Gentoo,Biscoe,46.2,14.9,221,5300,MALE
P126,Adelie,Torgersen,40.6,19,199,,MALE
P115,Adelie,Biscoe,39.6,20.7,18.4,3900,FEMALE
P209,Chinstrap,Dream,45.2,16.6,191,3250,FEMALE
P280,Gentoo,Biscoe,50.4,15.3,224,5550,MALE
P034,Adelie,Dream,40.9,18.9,184,null,MALE
P296,Gentoo,Biscoe,48.6,16,230,5800,MALE
D005,Gentoo,Biscoe,49.2,15.2,221,6300,MALE
P041,Adelie,Dream,36.5,18,182,3150,FEMALE
P106,Adelie,Biscoe,39.7,18.9,,3550,MALE
P140,Adelie,Dream,39.7,17.9,193,4250,MALE
P138,Adelie,Dream,40.2,20.1,200,3975,MALE
P042,Adelie,Dream,40.8,18.4,195,3900,MALE
P188,Chinstrap,Dream,47.5,16.8,199,8300,F
P176,Chinstrap,Dream,50.6,19.4,193,3800,MALE
P019,Adelie,Torgersen,34.4,18.4,184,3325,FEMALE
P048,adelie,Dream,37.5,18.9,179,2975,NA
P090,Adelie,Dream,38.9,18.8,190,3600,FEMALE
P183,Chinstrap,Dream,40.9,16.6,187,3200,FEMALE
P016,Adelie,Torgersen,36.6,17.8,185,3700,FEMALE
P173,Chinstrap,Dream,42.4,17.3,181,3600,FEMALE
P180,Chinstrap,Dream,49.5,19,200,3800,MALE
P118,Adelie,Torgersen,37.3,20.5,199,3775,MALE
P004,Adelie,Torgersen,NA,NA,NA,NA,NA
P026,Adelie,Biscoe,35.3,18.9,187,3800,FEMALE
P199,Chinstrap,Dream,50.1,17.9,190,3400,FEMALE
P040,Adelie,Dream,,19.1,184,4650,MALE
P215,Chinstrap,Dream,45.7,17,195,3650,FEMALE
P155,Chinstrap,Dream,51.3,19.2,193,3650,MALE
P200,Chinstrap,Dream,49,19.6,null,4300,MALE
P065,Adelie,Biscoe,36.4,17.1,184,2850,FEMALE
P059,Adelie,Biscoe,36.5,16.6,181,2850,femle
P009,Adelie,Torgersen,34.1,18.1,193,3475,NA
P038,Adelie,Dream,42.2,18.5,180,3550,FEMALE
P312,Gentoo,Biscoe,52.2,17.1,228,3.75,MALE
P061,Adelie,Biscoe,35.7,16.9,185,3150,FEMALE
P020,Adelie,biscoe,46,21.5,194,"4,500",MALE
P031,Adelie,Dream,39.5,16.7,178,3.875 kg,FEMALE
P181,Chinstrap,Dream,46.4,17.8,191,3700,Female
P099,Adelie,Dream,33.1,16.1,178,2900,FEMALE
P208,Chinstrap,Dream,52.2,18.8,197,3450,MALE
P130,Adelie,Torgersen,44.1,18,210,4000,MALE
P246,Gentoo,Biscoe,46.1,15.1,215,5100,MALE
P274,Gentoo,Biscoe,50.1,15,225,5000,MALE
P141,Adelie,Dream,40.2,17.1,-190,3400,FEMALE
P013,Adelie,Torgersen,41.1,17.6,22,3200,FEMALE
P022,Adelie,Biscoe,37.7,18.7,180,3600,MALE
P292,Gentoo,Biscoe,46.4,15.6,221,5000,MALE
P267,Gentoo,Biscoe,NA,13.9,210,4200,FEMALE
P050,Adelie,Dream,42.3,21.2,191,4150,MALE
P249,Gentoo,Biscoe,4.8,14.3,210,4600,FEMALE
P194,Chinstrap,Dream,46.2,17.5,187,3650,FEMALE
P253,Gentoo,Biscoe,45.1,14.5,207,5050,FEMALE
P023,Adelie,Biscoe,35.9,19.2,189,3800,FEMALE
P294,Gentoo,Biscoe,46.5,14.8,217,5200,FEMALE
P154,Chinstrap,Dream,50,19.5,196,3900,MALE
P289,Gentoo,Biscoe,43.5,14.2,220,4700,FEMALE
P075,Adelie,Torgersen,35.5,17.5,190,4200g,M
P297,Gentoo,Biscoe,47.5,14.2,209,4600,FEMALE
P046,Adelie,Dream,forty,18.8,190,4600,MALE
P193,Chinstrap,Dream,49,19.5,210,3950,MALE
P340,Gentoo,Biscoe,NA,NA,NA,NA,NA
P320,Gentoo,Biscoe,51.1,16.5,225,5250,MALE
D001,Adelie,Torgersen,34.1,18.1,193,3475,NA
P327,Gentoo,Biscoe,41.7,14.7,210,4700,FEMALE
P160,Chinstrap,Dream,51.3,18.2,197,3750,MALE
P102,Adelie,Biscoe,41,20,203,4725,MALE
P256,Gentoo,Biscoe,48.4,16.3,220,N/A,MALE
P206,Chinstrap,Dream,50.7,19.7,203,4050,MALE
P055,Adelie,Biscoe,34.5,18.1,187,2900,FEMALE
P189,Chinstrap,Dream,47.6,18.3,195,3850,FEMALE
P079,Adelie,Torgersen,36.2,NA,187,-4200,FEMALE
P056,Adelie,Biscoe,41.4,18.6,191,3700,MALE
P216,Chinstrap,Dream,55.8,19.8,207,4000,MALE
P036,Adelie,Dream,39.2,21.1,196,4150,MALE
P218,Chinstrap,Dream,49.6,18.2,193,3775,MALE
P343,Gentoo,Biscoe,45.2,14.8,212,5200,FEMALE
P172,Chinstrap,Dream,49.2,18.2,195,4400,MALE
P285,Gentoo,Biscoe,45.8,14.2,219,4700,FEMALE
P072,Adelie,Torgersen,39.7,18.4,190,3900,MALE
P168,Chinstrap,Dream,50.5,19.6,201,4050,MALE
P082,Adelie,Torgersen,42.9,17.6,196,4700,MALE
P270,Gentoo,Biscoe,45.2,15.8,215,5300,MALE
P336,Gentoo,Biscoe,55.1,16,230,5850,NA
P089,Adelie,Dream,38.3,19.2,N/A,3950,MALE
P003,Adelie,Torgersen,40.3,18,195,3250,FEMALE
P301,Gentoo,Biscoe,49.1,14.5,212,4625,FEMALE
P165,Chinstrap,Dream,47,17.3,185,3700,FEMALE
P219,Chinstrap,Dream,50.8,19,210,4100,MALE
P169,Chinstrap,Dream,50.3,20,197,3300,MALE
D007,Adelie,Biscoe,41.6,18,192,3950,MALE
P235,Gentoo,Biscoe,45.8,14.6,210,4200,FEMALE
P157,Chinstrap,Dream,52.7,19.8,197,3725,MALE
P091,Adelie,Dream,35.7,18,202,3550,FEMALE
P275,Gentoo,Biscoe,46.5,,19.2,4900,FEMALE
P109,Adelie,Biscoe,38.1,17,2100,3175,FEMALE
P025,Adelie,Biscoe,38.8,17.2,180,3800,unknown
P033,Adelie,Torgerson,39.5,17.8,188,25000,FEMALE
P303, Adélie ,Biscoe,47.4,14.6,212,4725,FEMALE
P052,Adelie,Biscoe,40.1,18.9,999,4300,MALE
P128,Adelie,Torgersen,41.5,18.3,195,4300,MALE
P088,Adelie,Dream,36.9,18.6,189,3500,FEMALE
P255,Gentoo,Biscoe,49.1,14.8,220,5150,FEMALE
P098,Adelie,Dream,40.3,18.5,196,4350,MALE
D002,chinstrap,Biscoe,,19.5,200,4050,MALE
P002,Adelie,Torgersen,39.5,17.4,186,3800,FEMALE
P077,Adelie,Torgersen,40.9,16.8,191,3700,FEMALE
P202,Chinstrap,Dream,49.8,17.3,NA,3675,FEMALE
P087,Adelie,Dream,36.3,19.5,190,3800,MALE
P037,Adelie,Dream,38.8,20,190,null,MALE
P331,Gentoo,Biscoe,50.5,15.2,216,5000,FEMALE
P135,Adelie,Dream,38.1,17.6,187,3425,FEMALE
P144,Adelie,Dream,40.7,17,190,1200,MALE
P149,Adelie,Dream,36,17.8,195,3450,FEMALE
P096,Adelie,Dream,40.8,18.9,208,4300,MALE
P184,Chinstrap,Dream,54.2,20.8,201,4300,MALE
P139,Adelie,Dream,37,16.5,185,3400,FEMALE
P110,Adelie,Biscoe,43.2,19,197,4775,MALE
P328,Gentoo,Biscoe,53.4,15.8,219,5500,MALE
P210,Chinstrap,Dream,49.3,19.9,203,4050,MALE
P162,Chinstrap,Dream,51.3,19.9,198,N/A,MALE
P039,Adelie,Dream,37.6,19.3,181,3300,FEMALE
P239,Gentoo,Biscoe,46.2,14.5,209,4800,FEMALE
P073,Adelie,Torgersen,39.6,17.2,196,3550,FEMALE
P114,Adelie,Biscoe,42.2,19.5,197,4275,MALE
P053,Adelie,Biscoe,35,17.9,N/A,3450,FEMALE
P001,Adelie,Torgersen,39.1,18.7,181,3750,MALE
P238,Gentoo,Biscoe,49.2,15.2,221,6300,MALE
P244,Gentoo,Biscoe,46.3,15.8,215,5050,MALE
P166,Chinstrap,Dream,52,18.1,201,4050,MALE
P284,Gentoo,Biscoe,null,15.7,231,5650,MALE
P153,Chinstrap,Dream,46.5,17.9,192,3500,FEMALE
P175,Chinstrap,Dream,43.2,16.6,187,2900,FEMALE
P152,Adelie,Dream,41.5,18.5,201,four thousand,MALE
P069,Adelie,Torgersen,35.9,16.6,190,3050,FEMALE
P024,Adelie,Biscoe,38.2,18.1,185,3950,MALE
P150,Adelie,Dream,37.8,18.1,NA,3750,MALE
P338,Gentoo,Biscoe,48.8,16.2,222,6000,MALE
P119,Adelie,Torgersen,35.7,17,189,3350,FEMALE
P314,Gentoo,Biscoe,49.5,16.1,224,5650,MALE
P127,Adelie,Torgersen,38.8,17.6,191,3275,FEMALE
P171,Chinstrap,Dream,46.4,18.6,190,3450,FEMALE
P323,Gentoo,Biscoe,47.2,15.5,215,4975,FEMALE
P049,Adelie,Dream,0,17.9,190,3450,FEMALE
P111,Adelie,Biscoe,38.1,16.5,198,3825,FEMALE
P078,Adelie,Torgersen,37.2,19.4,184,3900,MALE
P279,Gentoo,Biscoe,43.2,14.5,208,4450,FEMALE
P212,Chinstrap,Dream,45.6,19.4,194,,FEMALE
P113,Adelie,Biscoe,39.7,17.7,193,3200,FEMALE
P101,Adelie,Biscoe,35,17.9,192,3725,FEMALE
P060,Adelie,Biscoe,37.6,19.1,194,N/A,MALE
P291,Gentoo,Biscoe,150,15,216,4750, MALE 
P170,Chinstrap,Dream,58,17.8,181,3700,FEMALE
P182,Chinstrap,Dream,52.8,20,205,4550,MALE
P293,Gentoo,Biscoe,48.2,15.6,221,5100,MALE
P248,Gentoo,Biscoe,47.8,15,215,5650,MALE
P313,Gentoo,Biscoe,45.5,14.5,212,4750,FEMALE
D008,Gentoo,Biscoe,47.3,13.8,21.5,3.4,NA
P164,Chinstrap,Dream,51.7,20.3,194,3775,MALE
P315,Gentoo,Biscoe,44.5,14.7,214,4850,FEMALE
P035,Adelie,Dream,36.4,NA,195,3325,FEMALE
P290,Gentoo,Biscoe,50.7,15,223,5550,M ale
P011,Adelie,NA,37.8,17.1,186,3300,NA
P237,Gentoo,Biscoe,40mm,13.5,210,4150,FEMALE
P254,Gentoo,Biscoe,59.6,17,230,6050,MALE
P241,Gentoo,Biscoe,50.2,14.3,218,5700,MALE
P252,Gentoo,Biscoe,42.8,14.2,209,4700,FEMALE
P012,Adelie,Torgersen,37.8,17.3,180,3700,NA
P242,Gentoo,Biscoe,45.1,14.5,215,5000,FEMALE
P044,Adelie,Dream,44.1,19.7,196,4400,MALE
P134,Adelie,Dream,37.5,18.5,199,4475,MALE
P263,Gentoo,Biscoe,NA,13.7,210,4300,FEMALE
P047,Adelie,Dream,41.1,19,182,3425,MALE
P326,Gentoo,Biscoe,46.8,16.1,215,NA,MALE
P197,Chinstrap,Dream,50.9,17.9,196,3675,FEMALE
P094,Adelie,Dream,39.6,18.1,186,4450,MALE
P319,Gentoo,Biscoe,20,14.4,203,4625,FEMALE
P030,Adelie,Biscoe,40.5,18.9,180,3950,MALE
D004,Gentoo,Biscoe,43.5,15.2,213,4650,FEMALE
P174,Chinstrap,Dream,48.5,17.5,191,3400,MALE
D003,Chinstrap,Dream,49.6,18.2,193,3775,MALE
P342,Gentoo,Biscoe,50.4,15.7,222,5750,MALE
P008,Adelie,Torgersen,39.2,19.6,195,4675,MALE
P064,Adelie,Biscoe,41.1,18.2,192,4050,MALE
P086,Adelie,Dream,41.3,20.3,194,3550,N/A
P243,Gentoo,Biscoe,46.5,14.5,213,4400,FEMALE
P300,Gentoo,Biscoe,45.2,16.4,223,5950,MALE
P081,Adelie,Torgersen,34.6,17.2,189,3200,FEMALE
P309,Gentoo,Biscoe,47.5,14,212,75,FEMALE
P076,Adelie,Torgersen,42.8,18.5,195,5.75,MALE
P062,Adelie,Biscoe,41.3,21.1,195,NA,male
P213,Chinstrap,Dream,51.9,19.5,206,3950,MALE
P151,Adelie,Dream,36,17.1,187,3700,FEMALE
P229,Gentoo,Biscoe,43.3,13.4,209,4400,FEMALE
P097,Adelie,Dream,38.1,18.6,190,3700,FEMALE
P120,Adelie,Torgersen,41.1,18.6,189,3325,MALE
P341,Gentoo,Biscoe,46.8,-17,215,4850,FEMALE
P007,Adelie,Torgersen,38.9,17.8,181,3625,FEMALE
P321,Gentoo,Biscoe,48.5,15,219,4850,FEMALE
P317,Gentoo,Biscoe,49.4,15.8,216,4925,MALE
P032,Adelie,Dream,37.2,NA,178,3900,MALE
P265,Gentoo,Biscoe,50.5,,222,5550,MALE
P308,Gentoo,Biscoe,51.3,null,218,5300,MALE
P261,Gentoo,Biscoe,null,13.7,208,3950,FEMALE
P145,Adelie,Dream,37.3,16.8,192,NA,FEMALE
P204,Chinstrap,Dream,51.4,19,201,3950,MALE
P339,Gentoo,Biscoe,47.2,13.7,214,4925,FEMALE
P269,Gentoo,Biscoe,44.9,null,213,5100,FEMALE
P287,Gentoo,Biscoe,46.2,14.4,214,8600,NA
P228,Gentoo,Biscoe,46.7,15.3,219,5200,MALE
P006,Adelie,Torgersen,39.3,20.6,190,5.1,MALE
P203,Chinstrap,Dream,48.1,16.4,199,3325,FEMALE
P125,Adelie,Torgersen,35.2,15.9,186,3050,FEMALE
P266,Gentoo,DREAM,43.6,13.9,217,4900,FEMALE
P070,Adelie,null,41.8,19.4,198,4450,Male
P332,Gentoo,Biscoe,N/A,15.9,229,5950,MALE
P092,Adelie,,41.1,18.1,205,4300,MALE
P159,Chinstrap,Dream,46.1,18.2,178,3250,FEMALE
P190,Chinstrap,Dream,52,20.7,210,,MALE
P133,gentoo,Dream,36.8,18.5,,3500,FEMALE
P276,Gentoo,Biscoe,45,15.4,220,5050,MALE
P198,CHINSTRAP,Dream,50.8,18.5,201,4450,MALE
P192,Chinstrap,Dream,53.5,19.9,205,4500,MALE
P325,Gentoo,Biscoe,47.3,13.8,21.5,3.4,NA
P137,Adelie,Dream,35.6,17.5,191,3175,FEMALE
P268,Gentoo,Biscoe,50.5,15.9,225,5400,MALE
P295,Gentoo,bisc oe,46.4,15,216,4700,FEMALE
P177,Chinstrap,Dream,46.7,1.7,195,3300,FEMALE 
P234,Gentoo,Biscoe,48.4,14.6,213,5850,MALE
P224,Gentoo,Biscoe,50,15.2,218,5700,MALE
P143,Adelie,Dream,32.1,15.5,188,3050,FEMALE
P307,Gentoo,Biscoe,43.4,14.4,218,4600,FEMALE
P124,Adelie,Torgersen,41.4,18.5,202,3875,MALE
P302,Gentoo,Biscoe,52.5,15.6,221,5450,MALE
P103,Adelie,Biscoe,37.7,16,183,3075,FEMALE
P179,Chinstrap,Dream,50.5,18.4,200,3400,FEMALE
P156,Chinstrap,Dream,45.4,18.7,188,3525,FEMALE
P185,Chinstrap,Torgersen ,-45,16.7,187,4.2,FEMALE
P085,ADELIE,Dream,37.3,17.8,191,3350,FEMALE
P217,Chinstrap,Dream,43.5,18.1,202,3400,FEMALE
P054,chinstrap,Biscoe,,19.5,200,4050,MALE
P233,Gentoo,Biscoe,45.5,13.7,214,4650,FEMALE
P264,Gentoo,Biscoe,49.6,15,216,4750,MALE
P084,Adelie,Torgersen,35.1,19.4,193,14000,MALE
P132,Adelie,Torgersen,43.1,19.2,197,3500,MALE
P250,Gentoo,Biscoe,50,15.3,220,5550,MALE
P227,Gentoo,Biscoe,45.4,14.6,211,4800,FEMALE
P262,Gentoo,Biscoe,49.6,16,225,5700,MALE
P236,Gentoo,Biscoe,49.3,null,217,5850,MALE
P281,Gentoo,Biscoe,45.3,13.8,208,4200,
P305,Gentoo,Biscoe,44.9,13.8,212,4750,FEMALE
P271,Gentoo,Biscoe,46.6,14.2,210,4850,FEMALE
P158,Chinstrap,Dream,45.2,17.8,198,3950,FEMALE
P226,Gentoo,Biscoe,46.5,13.5,210,4550,FEMALE
P257,Gentoo,Biscoe,42.6,13.7,213,4950,FEMALE
P067,Adelie,Biscoe,35.5,16.2,195,3350,FEMALE
P074,Adelie,Torgersen,45.8,18.9,197,4150,MALE
P322,Gentoo,Biscoe ,55.9,17,228,5600,MALE
P147,Adelie,Dream,39.2,18.6,190,4250,female
P207,Chinstrap,Dream,42.5,17.3,187,3350,FEMALE
P058,Adelie,Biscoe,40.6,18.8,193,3800,MALE
P163,Chinstrap,Dream,46.6,17.8,193,3800,FEMALE
P116,Adelie,Biscoe,72,18.3,196,4075,MALE
P136,Adelie,Dream,41.1,17.5,190,3900,MALE
P195,Chinstrap,Dream,50.9,19.1,196,3550,MALE
P334,Gentoo,Biscoe,51.5,16.3,230,5500,MALE
P259,Gentoo,Biscoe,44,13.6,208,4350,FEMALE
P298,Gentoo,Biscoe,51.1,16.3,220,6000,MALE
P112,Adelie,Biscoe,45.6,N/A,191,4600,MALE
P196,Chinstrap,Dream,45.5,17,196,3500,FEMALE
P329,Gentoo,Biscoe,43.3,14,208,4575,FEMALE
P161,Chinstrap,Dream,46,18.9,null,null,FEMALE
P277,Gentoo,Biscoe,43.8,13.9,208,4300,FEMALE
P063,Adelie,Biscoe,37.6,17,185,3600,FEMALE
P093,Adelie,Dream,34,17.1,185,3400,FEMALE
P028,Adelie,Biscoe,40.5,75,187,3200,FEMALE
P117,Adelie,Torgersen,38.6,17,188,2900,FEMALE
P027,Adelie,Biscoe,40.6,18.6,183,3550,MALE
P018,Adelie,Torgersen,42.5,20.7,197,4500,MALE
P344,Gentoo,Biscoe,49.9,16.1,213,5400,MALE
D006,CHINSTRAP,Dream,50.8,18.5,201,4450,MALE
P010,Adelie,Torgersen,42,20.2,190,4250,NA
P142,Adelie,Dream,40.6,17.2,187,3475,MALE
P148,Adelie,Dream,36.6,18.4,184,3475,FEMALE
P283,Gentoo,Biscoe,45.7,13.9,214,5 000,FEMALE
P221,Gentoo,Biscoe,46.1,13.2,211,4500,FEMALE
P122,Adelie,Torgersen,37.7,19.8,198,3500,MALE
P222,Gentoo,Biscoe,50,16.3,230,5700,MALE
P232,Gentoo,Biscoe,49,16.1,216,5550,?
P258,Gentoo,Biscoe,44.4,17.3,219,5250,MALE
P299,Gentoo,Biscoe,45.2,13.8,215,4750,FEMALE
P231,Gentoo,Biscoe,40.9,13.7,214,4650,FEMALE
P225,Gentoo,Biscoe,47.6,14.5,215,5400,MALE
P288,Gentoo,Biscoe,49.5,16.2,229,5800,MALE
P205,Chinstrap,Dream,45.7,17.3,193,3600,FEMALE
P333,Gentoo,Biscoe,43.5,15.2,213,4650,FEMALE
P021,Adelie,Biscoe,,18.3,174,3400,FEMALE
P178,Chinstrap,Dream,52,19,197,4150,MALE
P167,Chinstrap,Dream,45.9,17.1,190,3575,FEMALE
P057,Adelie,Biscoe,39,N/A,186,3550,FEMALE
